{
	"miniprogramRoot": "miniprogram/",
	"cloudfunctionRoot": "cloudfunctions/",
	"setting": {
		"urlCheck": true,
		"es6": true,
		"enhance": true,
		"postcss": true,
		"preloadBackgroundData": false,
		"minified": true,
		"newFeature": true,
		"coverView": true,
		"nodeModules": false,
		"autoAudits": false,
		"showShadowRootInWxmlPanel": true,
		"scopeDataCheck": false,
		"uglifyFileName": true,
		"checkInvalidKey": true,
		"checkSiteMap": true,
		"uploadWithSourceMap": true,
		"compileHotReLoad": false,
		"lazyloadPlaceholderEnable": false,
		"useMultiFrameRuntime": true,
		"useApiHook": true,
		"useApiHostProcess": true,
		"babelSetting": {
			"ignore": [],
			"disablePlugins": [],
			"outputPath": ""
		},
		"enableEngineNative": false,
		"useIsolateContext": false,
		"userConfirmedBundleSwitch": false,
		"packNpmManually": false,
		"packNpmRelationList": [],
		"minifyWXSS": true,
		"disableUseStrict": false,
		"minifyWXML": true,
		"showES6CompileOption": false,
		"useCompilerPlugins": false,
		"ignoreUploadUnusedFiles": true,
		"useStaticServer": true,
		"condition": false
	},
	"appid": "wxb100b44af794708e",
	"projectname": "V1.0%E5%B0%8F%E7%A8%8B%E5%BA%8F",
	"libVersion": "2.17.0",
	"simulatorType": "wechat",
	"simulatorPluginLibVersion": {},
	"cloudfunctionTemplateRoot": "cloudfunctionTemplate/",
	"condition": {
		"plugin": {
			"list": []
		},
		"game": {
			"list": []
		},
		"gamePlugin": {
			"list": []
		},
		"miniprogram": {
			"list": []
		}
	},
	"compileType": "miniprogram",
	"srcMiniprogramRoot": "miniprogram/",
	"packOptions": {
		"ignore": [],
		"include": []
	},
	"editorSetting": {
		"tabIndent": "tab",
		"tabSize": 4
	},
	"description": "项目配置文件，详见文档：https://developers.weixin.qq.com/miniprogram/dev/devtools/projectconfig.html"
}